PVALUE;PTN;XP;YP;ZP
1;1;8209.6;6200.0;381.0
1;2;8184.4;6254.2;381.0
1;3;8109.2;6326.3;381.0
1;4;8037.0;6365.2;381.0
1;5;8095.7;6354.6;381.0
1;6;8140.2;6331.4;381.0
1;7;8174.6;6298.1;381.0
1;8;8201.9;6263.8;381.0
1;9;8223.1;6236.5;381.0
1;10;8236.0;6200.0;381.0
2;1;7600.0;6497.2;382.0
2;2;7616.2;6530.9;383.8
2;3;7638.8;6570.3;382.8
2;4;7666.9;6606.8;383.0
2;5;7702.0;6629.7;383.7
2;6;7738.6;6628.3;384.1
2;7;7769.6;6626.9;384.4
2;8;7800.5;6628.3;384.7
2;9;7838.5;6632.5;385.1
2;10;7877.9;6632.5;385.5
2;11;7917.5;6612.5;385.9
2;12;7944.2;6612.5;386.2
2;13;7997.7;6609.7;386.9
2;14;8040.0;6612.5;387.1
2;15;8079.3;6623.7;387.5
2;16;8121.6;6632.1;388.0
2;17;8164.9;6649.4;388.4
2;18;8197.3;6662.0;388.6
2;19;8221.2;6676.1;389.0
2;20;8246.5;6688.7;389.2
2;21;8278.9;6712.6;389.7
2;22;8308.4;6730.9;390.1
2;23;8346.4;6747.7;390.5
2;24;8377.4;6751.9;390.8
2;25;8400.0;6755.8;391.0
3;1;7600.0;6606.8;390.0
3;2;7658.6;6649.4;390.0
3;3;7714.9;6666.7;390.0
3;4;7751.4;6681.3;390.0
3;5;7787.1;6714.3;390.0
3;6;7833.1;6686.9;390.0
3;7;7868.7;6667.1;390.0
3;8;7897.7;6663.7;390.0
3;9;7930.2;6654.9;390.0
3;10;7953.1;6656.3;390.0
3;11;7976.8;6659.0;390.0
3;12;8002.5;6660.3;390.0
3;13;8026.1;6658.3;390.0
3;14;8051.1;6659.0;390.0
3;15;8074.8;6658.3;390.0
3;16;8098.4;6660.3;390.0
3;17;8134.9;6666.4;390.0
3;18;8166.0;6673.1;390.0
3;19;8199.8;6707.0;390.0
3;20;8246.5;6715.7;390.0
3;21;8282.8;6733.2;390.0
3;22;8346.4;6747.7;390.0
4;1;7600.0;6327.9;395.0
4;2;7647.0;6373.9;395.0
4;3;7670.2;6396.0;395.0
4;4;7687.1;6438.2;395.0
4;5;7706.2;6464.8;395.0
4;6;7718.3;6481.3;395.0
4;7;7726.3;6565.0;395.0
4;8;7808.8;6528.2;395.0
4;9;7876.7;6578.7;395.0
4;10;7933.3;6559.0;395.0
4;11;7995.1;6560.0;395.0
4;12;8051.5;6575.8;395.0
4;13;8103.5;6584.5;395.0
4;14;8167.0;6590.2;395.0
4;15;8217.6;6606.8;395.0
4;16;8282.3;6651.7;395.0
4;17;8348.4;6670.0;395.0
4;18;8400.0;6677.1;395.0
5;1;7600.0;6665.9;395.0
5;2;7642.7;6699.9;395.0
5;3;7690.3;6714.3;395.0
5;4;7726.5;6714.3;395.0
5;5;7746.5;6724.7;395.0
5;6;7787.0;6764.1;395.0
5;7;7826.1;6731.6;395.0
5;8;7878.8;6725.8;395.0
5;9;7932.9;6720.4;395.0
5;10;7981.5;6710.2;395.0
5;11;8035.6;6722.4;395.0
5;12;8095.7;6719.0;395.0
5;13;8136.7;6748.9;395.0
5;14;8195.9;6763.3;395.0
5;15;8253.7;6766.2;395.0
5;16;8286.9;6796.5;395.0
5;17;8333.1;6795.1;395.0
5;18;8363.5;6809.5;395.0
5;19;8400.0;6820.4;395.0
6;1;7600.0;6736.3;401.0
6;2;7651.3;6761.9;401.0
6;3;7706.2;6764.8;401.0
6;4;7736.7;6770.9;401.0
6;5;7788.6;6809.5;401.0
6;6;7831.9;6764.8;401.0
6;7;7886.8;6777.8;401.0
6;8;7948.4;6779.1;401.0
6;9;8001.8;6762.2;401.0
6;10;8047.1;6782.1;401.0
6;11;8094.8;6773.4;401.0
6;12;8123.7;6795.1;401.0
6;13;8135.6;6815.8;401.0
6;14;8167.0;6805.2;401.0
6;15;8226.3;6809.5;401.0
6;16;8269.6;6845.6;401.0
6;17;8315.8;6841.2;401.0
6;18;8346.1;6862.9;401.0
6;19;8363.5;6888.8;401.0
6;20;8400.0;6911.7;401.0
7;1;7600.0;6258.0;401.0
7;2;7623.8;6273.8;401.0
7;3;7638.3;6303.2;401.0
7;4;7675.9;6329.2;401.0
7;5;7696.1;6373.9;401.0
7;6;7719.2;6422.9;401.0
7;7;7733.7;6454.7;401.0
7;8;7739.7;6538.6;401.0
7;9;7812.0;6514.7;401.0
7;10;7853.6;6526.8;401.0
7;11;7883.9;6551.3;401.0
7;12;7930.5;6542.1;401.0
7;13;8000.9;6539.8;401.0
7;14;8055.8;6557.1;401.0
7;15;8119.4;6564.3;401.0
7;16;8175.7;6567.2;401.0
7;17;8191.8;6570.7;401.0
7;18;8279.5;6626.4;401.0
7;19;8328.7;6615.2;401.0
7;20;8359.7;6606.8;401.0
7;21;8400.0;6612.5;401.0
8;1;7600.0;6812.3;407.0
8;2;7660.0;6822.5;407.0
8;3;7723.6;6805.2;407.0
8;4;7742.8;6809.8;407.0
8;5;7785.7;6848.4;407.0
8;6;7837.3;6816.2;407.0
8;7;7885.3;6816.7;407.0
8;8;7967.7;6813.8;407.0
8;9;7998.2;6809.8;407.0
8;10;8022.6;6823.9;407.0
8;11;8083.2;6825.4;407.0
8;12;8099.2;6854.7;407.0
8;13;8126.6;6849.9;407.0
8;14;8174.3;6845.6;407.0
8;15;8211.8;6852.8;407.0
8;16;8239.3;6881.6;407.0
8;17;8302.8;6880.2;407.0
8;18;8315.8;6922.0;407.0
8;19;8304.3;6948.0;407.0
8;20;8344.7;6975.4;407.0
8;21;8400.0;7000.0;407.0
9;1;7600.0;6200.0;407.0
9;2;7623.8;6224.6;407.0
9;3;7657.6;6235.8;407.0
9;4;7686.0;6268.6;407.0
9;5;7702.6;6294.9;407.0
9;6;7727.9;6313.3;407.0
9;7;7736.6;6381.1;407.0
9;8;7740.6;6414.3;407.0
9;9;7751.0;6435.9;407.0
9;10;7760.2;6508.2;407.0
9;11;7813.8;6498.6;407.0
9;12;7859.3;6509.5;407.0
9;13;7889.7;6529.7;407.0
9;14;7930.1;6523.9;407.0
9;15;8006.7;6521.0;407.0
9;16;8058.7;6535.4;407.0
9;17;8120.8;6548.4;407.0
9;18;8185.8;6545.5;407.0
9;19;8205.9;6551.5;407.0
9;20;8280.9;6595.5;407.0
9;21;8320.3;6574.4;407.0
9;22;8350.5;6541.2;407.0
9;23;8375.2;6532.3;407.0
9;24;8400.0;6529.5;407.0
10;1;7600.0;6860.5;411.0
10;2;7687.5;6857.1;411.0
10;3;7732.2;6847.0;411.0
10;4;7748.9;6848.6;411.0
10;5;7787.1;6885.9;411.0
10;6;7826.0;6861.2;411.0
10;7;7878.1;6858.5;411.0
10;8;7960.5;6854.2;411.0
10;9;8004.3;6852.3;411.0
10;10;8038.5;6870.1;411.0
10;11;8067.5;6898.4;411.0
10;12;8099.1;6896.0;411.0
10;13;8158.4;6909.0;411.0
10;14;8198.8;6914.8;411.0
10;15;8224.8;6932.1;411.0
10;16;8214.7;6963.8;411.0
10;17;8222.0;7000.0;411.0
11;1;7729.1;6200.0;418.0
11;2;7756.1;6235.8;418.0
11;3;7771.2;6275.8;418.0
11;4;7764.0;6352.2;418.0
11;5;7775.1;6482.8;418.0
11;6;7816.6;6481.7;418.0
11;7;7892.6;6508.0;418.0
11;8;7928.7;6503.7;418.0
11;9;8006.7;6503.7;418.0
11;10;8061.6;6516.7;418.0
11;11;8117.9;6525.3;418.0
11;12;8187.3;6521.0;418.0
11;13;8270.6;6566.6;418.0
11;14;8334.6;6495.0;418.0
11;15;8356.9;6474.7;418.0
11;16;8378.0;6471.9;418.0
11;17;8400.0;6458.3;418.0
12;1;7600.0;6913.3;425.0
12;2;7690.3;6906.1;425.0
12;3;7740.9;6887.4;425.0
12;4;7756.2;6891.1;425.0
12;5;7784.2;6929.2;425.0
12;6;7836.2;6903.2;425.0
12;7;7904.1;6890.3;425.0
12;8;7976.4;6903.2;425.0
12;9;8006.7;6897.2;425.0
12;10;8041.4;6913.3;425.0
12;11;8066.3;6942.1;425.0
12;12;8107.8;6946.5;425.0
12;13;8121.0;7000.0;425.0
13;1;7813.1;6200.0;425.0
13;2;7820.8;6228.8;425.0
13;3;7841.9;6254.1;425.0
13;4;7849.2;6277.2;425.0
13;5;7794.3;6350.8;425.0
13;6;7788.4;6401.6;425.0
13;7;7795.5;6428.3;425.0
13;8;7793.1;6458.9;425.0
13;9;7822.2;6466.3;425.0
13;10;7895.5;6493.6;425.0
13;11;7927.2;6486.4;425.0
13;12;8009.6;6489.3;425.0
13;13;8063.0;6497.9;425.0
13;14;8115.0;6502.3;425.0
13;15;8182.9;6497.9;425.0
13;16;8263.5;6535.3;425.0
13;17;8287.9;6497.2;425.0
13;18;8318.7;6460.4;425.0
13;19;8358.3;6428.3;425.0
13;20;8400.0;6410.2;425.0
14;1;7600.0;6959.8;430.0
14;2;7678.8;6950.8;430.0
14;3;7727.9;6933.5;430.0
14;4;7741.6;6933.6;430.0
14;5;7780.0;6963.6;430.0
14;6;7844.9;6946.5;430.0
14;7;7901.2;6933.5;430.0
14;8;7948.9;6936.4;430.0
14;9;7984.8;6936.1;430.0
14;10;8009.6;6956.6;430.0
14;11;8027.7;7000.0;430.0
15;1;7894.0;6200.0;430.0
15;2;7905.2;6221.8;430.0
15;3;7905.2;6252.7;430.0
15;4;7915.7;6272.9;430.0
15;5;7882.7;6307.5;430.0
15;6;7863.0;6320.1;430.0
15;7;7830.5;6353.7;430.0
15;8;7816.6;6393.2;430.0
15;9;7822.2;6410.1;430.0
15;10;7814.6;6437.4;430.0
15;11;7895.5;6476.3;430.0
15;12;7930.1;6469.1;430.0
15;13;8013.9;6473.4;430.0
15;14;8063.0;6480.6;430.0
15;15;8115.0;6483.5;430.0
15;16;8181.5;6479.2;430.0
15;17;8253.4;6504.0;430.0
15;18;8275.3;6463.5;430.0
15;19;8292.1;6450.8;430.0
15;20;8310.0;6428.7;430.0
15;21;8331.5;6405.8;430.0
15;22;8373.8;6380.6;430.0
15;23;8400.0;6352.8;430.0
16;1;7600.0;7000.0;433.0
16;2;7632.6;6988.4;433.0
16;3;7687.5;6985.5;433.0
16;4;7713.6;6968.8;433.0
16;5;7748.1;6981.1;433.0
16;6;7778.6;7000.2;433.0
16;7;7814.6;6991.2;433.0
16;8;7876.7;6989.8;433.0
16;9;7928.7;6975.4;433.0
16;10;7940.6;7000.0;433.0
17;1;7962.4;6200.0;436.0
17;2;7953.0;6221.8;436.0
17;3;7964.8;6267.1;436.0
17;4;7931.9;6306.1;436.0
17;5;7859.3;6363.8;436.0
17;6;7840.5;6384.8;436.0
17;7;7840.5;6407.3;436.0
17;8;7837.7;6425.8;436.0
17;9;7899.8;6451.8;436.0
17;10;8061.6;6457.5;436.0
17;11;8110.7;6461.9;436.0
17;12;8175.7;6460.4;436.0
17;13;8242.3;6472.7;436.0
17;14;8258.4;6442.4;436.0
17;15;8282.3;6422.7;436.0
17;16;8293.6;6394.6;436.0
17;17;8332.9;6356.7;436.0
17;18;8370.9;6303.3;436.0
17;19;8400.0;6287.5;436.0
18;1;8044.8;6200.0;444.0
18;2;8008.8;6268.8;444.0
18;3;7984.0;6289.2;444.0
18;4;7954.5;6327.2;444.0
18;5;7905.2;6373.5;444.0
18;6;7878.5;6389.0;444.0
18;7;7857.9;6414.3;444.0
18;8;7904.1;6428.7;444.0
18;9;8061.6;6438.8;444.0
18;10;8164.5;6431.4;444.0
18;11;8230.2;6446.5;444.0
18;12;8248.5;6414.3;444.0
18;13;8262.6;6377.7;444.0
18;14;8264.6;6357.7;444.0
18;15;8292.1;6320.1;444.0
18;16;8326.2;6290.0;444.0
18;17;8348.4;6252.7;444.0
18;18;8375.2;6227.4;444.0
18;19;8400.0;6200.0;444.0
19;1;8113.2;6200.0;447.0
19;2;8103.6;6231.6;447.0
19;3;8000.9;6314.5;447.0
19;4;7984.0;6334.2;447.0
19;5;7919.3;6389.0;447.0
19;6;7892.6;6404.2;447.0
19;7;7999.5;6414.3;447.0
19;8;8135.2;6409.2;447.0
19;9;8206.3;6396.0;447.0
19;10;8234.5;6356.7;447.0
19;11;8245.7;6325.8;447.0
19;12;8280.7;6287.0;447.0
19;13;8310.0;6239.6;447.0
19;14;8320.0;6200.0;447.0
20;1;8268.7;6200.0;452.0
20;2;8247.4;6267.8;452.0
20;3;8214.8;6304.7;452.0
20;4;8190.8;6330.0;452.0
20;5;8162.5;6346.6;452.0
20;6;8124.7;6369.3;452.0
20;7;8100.8;6370.7;452.0
20;8;8057.2;6394.1;452.0
20;9;7950.4;6386.9;452.0
20;10;8000.9;6359.5;452.0
20;11;8019.2;6339.8;452.0
20;12;8060.1;6317.6;452.0
20;13;8095.2;6294.9;452.0
20;14;8174.3;6213.8;452.0
20;15;8167.6;6200.0;452.0
